<?xml version="1.0"?>
<data grt_format="2.0">
  <value _ptr_="0000000020F8F2A0" type="list" content-type="object" content-struct-name="db.mgmt.Connection">
    <value type="object" struct-name="db.mgmt.Connection" id="{1179FB5E-EBF0-403D-9387-B58C85F9C2BC}" struct-checksum="0x96ba47d8">
      <link type="object" struct-name="db.mgmt.Driver" key="driver">com.mysql.rdbms.mysql.driver.native_sshtun</link>
      <value type="string" key="hostIdentifier">Mysql@127.0.0.1:3306@192.168.15.134:22</value>
      <value type="int" key="isDefault">0</value>
      <value _ptr_="0000000021FE2C30" type="dict" key="modules"/>
      <value _ptr_="0000000021FE2C90" type="dict" key="parameterValues">
        <value type="string" key="SQL_MODE"></value>
        <value type="string" key="hostName">127.0.0.1</value>
        <value type="int" key="lastConnected">1544534187</value>
        <value type="string" key="password"></value>
        <value type="int" key="port">3306</value>
        <value type="string" key="schema"></value>
        <value type="string" key="serverVersion">10.1.37-MariaDB-0+deb9u1</value>
        <value type="int" key="sshCompressionLevel">0</value>
        <value type="string" key="sshHost">192.168.15.134:22</value>
        <value type="string" key="sshKeyFile"></value>
        <value type="string" key="sshPassword"></value>
        <value type="string" key="sshUserName">administrador</value>
        <value type="string" key="sslCA"></value>
        <value type="string" key="sslCert"></value>
        <value type="string" key="sslCipher"></value>
        <value type="string" key="sslKey"></value>
        <value type="int" key="useSSL">1</value>
        <value type="string" key="userName">zabbix</value>
      </value>
      <value type="string" key="name">Zabbix</value>
      <link type="object" struct-name="GrtObject" key="owner">{5E479467-610D-48F0-BCAF-70D8F6545AFD}</link>
    </value>
    <value type="object" struct-name="db.mgmt.Connection" id="{2764B522-7FDC-4D2D-A2DC-3C00DA7A98C6}" struct-checksum="0x96ba47d8">
      <link type="object" struct-name="db.mgmt.Driver" key="driver">com.mysql.rdbms.mysql.driver.native</link>
      <value type="string" key="hostIdentifier">Mysql@localhost:3306</value>
      <value type="int" key="isDefault">0</value>
      <value _ptr_="0000000021FE2DB0" type="dict" key="modules"/>
      <value _ptr_="0000000021FE2D50" type="dict" key="parameterValues">
        <value type="string" key="DbSqlEditor:LastDefaultSchema">sgac</value>
        <value type="string" key="SQL_MODE"></value>
        <value type="string" key="hostName">localhost</value>
        <value type="int" key="lastConnected">1556557705</value>
        <value type="string" key="password"></value>
        <value type="int" key="port">3306</value>
        <value type="string" key="schema">sgac</value>
        <value type="string" key="serverVersion">10.1.37-MariaDB</value>
        <value type="string" key="sslCA"></value>
        <value type="string" key="sslCert"></value>
        <value type="string" key="sslCipher"></value>
        <value type="string" key="sslKey"></value>
        <value type="int" key="useSSL">1</value>
        <value type="string" key="userName">root</value>
      </value>
      <value type="string" key="name">sgac</value>
      <link type="object" struct-name="GrtObject" key="owner">{5E479467-610D-48F0-BCAF-70D8F6545AFD}</link>
    </value>
  </value>
</data>
