<?xml version="1.0"?>
<data grt_format="2.0">
  <value _ptr_="0000000020F8F230" type="list" content-type="object" content-struct-name="db.mgmt.ServerInstance">
    <value type="object" struct-name="db.mgmt.ServerInstance" id="{737DDACC-CCDC-4DA1-A45B-3A6A8C715346}" struct-checksum="0x367436e2">
      <link type="object" struct-name="db.mgmt.Connection" key="connection">{1179FB5E-EBF0-403D-9387-B58C85F9C2BC}</link>
      <value _ptr_="0000000021FE2ED0" type="dict" key="loginInfo"/>
      <value _ptr_="0000000021FE2F90" type="dict" key="serverInfo">
        <value type="int" key="setupPending">1</value>
      </value>
      <value type="string" key="name">Zabbix</value>
    </value>
    <value type="object" struct-name="db.mgmt.ServerInstance" id="{52550BC0-7CE7-4CA5-B3AB-9FB09FC2FE76}" struct-checksum="0x367436e2">
      <value _ptr_="0000000021FE2F30" type="dict" key="loginInfo">
        <value type="string" key="ssh.hostName"></value>
        <value type="string" key="ssh.key">C:\Users\TI\AppData\Roaming/.ssh/ssh_private_key</value>
        <value type="string" key="ssh.localPort">3306</value>
        <value type="int" key="ssh.useKey">0</value>
        <value type="string" key="ssh.userName">mysql</value>
      </value>
      <value _ptr_="00000000218C6A90" type="dict" key="serverInfo">
        <value type="int" key="setupPending">1</value>
        <value type="int" key="windowsAdmin">1</value>
      </value>
      <value type="string" key="name"></value>
    </value>
    <value type="object" struct-name="db.mgmt.ServerInstance" id="{B2F46633-25A9-4495-9DFF-654D94255C3A}" struct-checksum="0x367436e2">
      <value _ptr_="00000000218C6A30" type="dict" key="loginInfo">
        <value type="string" key="ssh.hostName"></value>
        <value type="string" key="ssh.key">C:\Users\TI\AppData\Roaming/.ssh/ssh_private_key</value>
        <value type="string" key="ssh.localPort">3306</value>
        <value type="int" key="ssh.useKey">0</value>
        <value type="string" key="ssh.userName">mysql</value>
      </value>
      <value _ptr_="00000000218C69D0" type="dict" key="serverInfo">
        <value type="int" key="setupPending">1</value>
        <value type="int" key="windowsAdmin">1</value>
      </value>
      <value type="string" key="name"></value>
    </value>
    <value type="object" struct-name="db.mgmt.ServerInstance" id="{B871402C-E591-433F-99EF-C782F61017A6}" struct-checksum="0x367436e2">
      <value _ptr_="0000000021074650" type="dict" key="loginInfo">
        <value type="string" key="ssh.hostName"></value>
        <value type="string" key="ssh.key">C:\Users\TI\AppData\Roaming/.ssh/ssh_private_key</value>
        <value type="string" key="ssh.localPort">3306</value>
        <value type="int" key="ssh.useKey">0</value>
        <value type="string" key="ssh.userName">mysql</value>
      </value>
      <value _ptr_="0000000021E4FF40" type="dict" key="serverInfo">
        <value type="int" key="setupPending">1</value>
        <value type="int" key="windowsAdmin">1</value>
      </value>
      <value type="string" key="name"></value>
    </value>
    <value type="object" struct-name="db.mgmt.ServerInstance" id="{874DB796-731E-43B6-8D88-77B188A99CF1}" struct-checksum="0x367436e2">
      <link type="object" struct-name="db.mgmt.Connection" key="connection">{2764B522-7FDC-4D2D-A2DC-3C00DA7A98C6}</link>
      <value _ptr_="0000000021E4FFA0" type="dict" key="loginInfo">
        <value type="string" key="ssh.hostName"></value>
        <value type="string" key="ssh.key">C:\Users\TI\AppData\Roaming/.ssh/ssh_private_key</value>
        <value type="string" key="ssh.localPort">3306</value>
        <value type="int" key="ssh.useKey">0</value>
        <value type="string" key="ssh.userName">mysql</value>
      </value>
      <value _ptr_="0000000021E50000" type="dict" key="serverInfo">
        <value type="string" key="basedir">C:/xampp/mysql</value>
        <value type="string" key="datadir">C:\xampp\mysql\data\</value>
        <value type="string" key="errorLogFilePath">mysql_error.log</value>
        <value type="string" key="generalLogFilePath">TI-PC.log</value>
        <value type="string" key="serverVersion">10.1.37-MariaDB</value>
        <value type="int" key="setupPending">1</value>
        <value type="string" key="slowLogFilePath">TI-PC-slow.log</value>
        <value type="string" key="sys.config.path">%ProgramData%\MySQL\MySQL Server 5.5\my.ini</value>
        <value type="string" key="sys.config.section">mysqld</value>
        <value type="string" key="sys.mysqld.service_name">MySQL</value>
        <value type="string" key="sys.mysqld.start">sc start mysql</value>
        <value type="string" key="sys.mysqld.stop">sc stop mysql</value>
        <value type="string" key="sys.system">Windows</value>
        <value type="int" key="sys.usesudo">1</value>
        <value type="int" key="sys.usesudostatus">0</value>
        <value type="int" key="windowsAdmin">1</value>
      </value>
      <value type="string" key="name">sgac</value>
    </value>
  </value>
</data>
